0,344,success
0,346,success
0,363,success
1,318,success
1,361,success
1,329,success
1,328,success
1,343,success
2,362,success
2,304,success
1085,112,success
1097,93,success
1108,99,success
1108,101,success
1122,91,success
1123,84,success
1125,96,success
1141,106,success
1141,95,success
1141,104,success
1244,76,success
1249,114,success
1249,106,success
1249,111,success
1254,111,success
1254,112,success
1259,111,success
1265,112,success
1266,98,success
1266,93,success
1361,94,success
1382,93,success
1383,95,success
1393,92,success
1398,93,success
1398,91,success
1398,92,success
1399,92,success
1399,84,success
1399,92,success
1501,82,success
1507,87,success
1507,85,success
1507,88,success
1507,87,success
1508,73,success
1508,77,success
1508,71,success
1509,94,success
1510,86,success
1597,93,success
1599,99,success
1603,101,success
1607,99,success
1613,90,success
1613,96,success
1613,77,success
1614,95,success
1614,95,success
1621,70,success
1701,84,success
1709,73,success
1723,87,success
1724,75,success
1728,79,success
1728,88,success
1728,88,success
1730,71,success
1730,89,success
1732,88,success
1814,83,success
1816,77,success
1819,87,success
1823,81,success
1827,81,success
1831,86,success
1833,79,success
1833,84,success
1834,95,success
1834,92,success
1923,76,success
1928,83,success
1928,90,success
1928,89,success
1929,85,success
1934,86,success
1934,86,success
1934,87,success
1942,85,success
1942,81,success
2027,103,success
2032,103,success
2036,99,success
2036,90,success
2039,101,success
2041,99,success
2041,96,success
2041,102,success
2042,92,success
2042,99,success
2147,70,success
2150,73,success
2154,85,success
2156,87,success
2156,85,success
2156,85,success
2158,85,success
2160,85,success
2160,89,success
2160,86,success
2244,78,success
2247,83,success
2259,84,success
2259,70,success
2259,90,success
2259,83,success
2260,88,success
2261,87,success
2261,82,success
2264,75,success
2346,73,success
2350,70,success
2353,87,success
2358,80,success
2358,77,success
2358,78,success
2359,86,success
2363,87,success
2364,79,success
2366,80,success
2462,75,success
2465,92,success
2472,83,success
2472,71,success
2472,78,success
2472,84,success
2475,90,success
2480,81,success
2480,85,success
2480,90,success
2566,70,success
2569,87,success
2573,80,success
2577,79,success
2577,82,success
2579,81,success
2579,90,success
2586,85,success
2586,93,success
2586,81,success
2669,75,success
2679,74,success
2679,78,success
2681,92,success
2681,75,success
2682,89,success
2686,80,success
2686,73,success
2690,87,success
2692,72,success
2774,72,success
2777,87,success
2778,87,success
2781,86,success
2781,68,success
2783,89,success
2789,90,success
2797,87,success
2797,85,success
2797,92,success
2876,77,success
2879,86,success
2894,85,success
2894,82,success
2894,72,success
2894,80,success
2896,78,success
2897,85,success
2899,82,success
2899,81,success
2986,84,success
2989,86,success
2991,69,success
2995,85,success
2995,76,success
2995,73,success
2997,85,success
2997,84,success
2998,84,success
2999,80,success
3079,82,success
3083,87,success
3086,80,success
3089,89,success
3093,74,success
3095,86,success
3095,84,success
3095,80,success
3096,84,success
3096,79,success
3183,90,success
3188,101,success
3189,95,success
3189,93,success
3190,96,success
3194,92,success
3194,98,success
3195,98,success
3195,99,success
3197,87,success
3295,72,success
3298,93,success
3303,75,success
3303,85,success
3305,79,success
3305,86,success
3307,90,success
3308,77,success
3308,84,success
3309,80,success
3391,103,success
3396,84,success
3400,86,success
3400,83,success
3404,102,success
3404,80,success
3408,79,success
3408,93,success
3413,84,success
3413,86,success
3505,92,success
3505,95,success
3506,91,success
3507,94,success
3508,93,success
3509,92,success
3511,93,success
3519,86,success
3525,92,success
3527,97,success
3625,95,success
3630,93,success
3630,77,success
3630,75,success
3630,93,success
3631,94,success
3631,89,success
3632,92,success
3632,75,success
3634,93,success
3721,88,success
3721,71,success
3724,90,success
3739,91,success
3739,75,success
3741,89,success
3741,90,success
3742,87,success
3743,91,success
3743,87,success
3825,74,success
3830,78,success
3842,80,success
3842,78,success
3842,78,success
3844,72,success
3845,83,success
3845,77,success
3846,81,success
3846,63,success
3920,75,success
3929,86,success
3931,67,success
3935,82,success
3935,72,success
3935,82,success
3935,81,success
3938,83,success
3939,84,success
3942,85,success
4018,91,success
4023,99,success
4025,91,success
4033,99,success
4033,102,success
4033,100,success
4035,97,success
4035,94,success
4036,100,success
4036,103,success
4138,83,success
4139,79,success
4144,67,success
4148,75,success
4148,82,success
4149,84,success
4149,82,success
4149,84,success
4150,85,success
4152,82,success
4229,65,success
4237,83,success
4241,78,success
4245,77,success
4245,71,success
4245,79,success
4245,82,success
4247,77,success
4247,78,success
4247,79,success
4324,73,success
4331,77,success
4337,79,success
4337,77,success
4337,73,success
4337,84,success
4339,83,success
4339,78,success
4342,83,success
4342,85,success
4425,74,success
4425,83,success
4429,82,success
4430,83,success
4431,76,success
4431,82,success
4436,76,success
4436,84,success
4437,88,success
4437,82,success
4521,93,success
4524,102,success
4524,90,success
4529,88,success
4530,84,success
4530,78,success
4530,84,success
4531,74,success
4532,84,success
4536,85,success
4630,74,success
4633,78,success
4634,67,success
4635,66,success
4638,73,success
4638,82,success
4645,83,success
4645,82,success
4645,83,success
4647,83,success
4722,70,success
4723,69,success
4728,85,success
4729,84,success
4733,86,success
4738,72,success
4738,85,success
4738,84,success
4739,83,success
4739,85,success
4818,80,success
4819,79,success
4823,89,success
4834,82,success
4834,83,success
4834,84,success
4835,83,success
4835,87,success
4836,73,success
4837,80,success
4924,69,success
4929,89,success
4929,82,success
4929,72,success
4933,86,success
4933,82,success
4933,85,success
4935,90,success
4937,88,success
4939,91,success
5018,69,success
5021,76,success
5031,91,success
5032,86,success
5035,86,success
5036,82,success
5038,89,success
5038,81,success
5040,88,success
5041,90,success
5120,80,success
5128,82,success
5135,81,success
5135,74,success
5139,81,success
5139,79,success
5141,96,success
5143,88,success
5143,82,success
5144,73,success
5227,66,success
5228,82,success
5234,81,success
5234,83,success
5236,83,success
5236,82,success
5236,80,success
5237,80,success
5244,80,success
5251,74,success
5326,95,success
5333,94,success
5341,82,success
5341,96,success
5342,93,success
5342,80,success
5342,76,success
5343,94,success
5343,92,success
5344,92,success
5431,69,success
5435,79,success
5436,79,success
5448,84,success
5448,76,success
5448,80,success
5449,85,success
5449,83,success
5450,80,success
5450,82,success
5530,82,success
5537,78,success
5540,76,success
5540,82,success
5542,84,success
5542,81,success
5544,83,success
5544,92,success
5546,89,success
5546,82,success
5632,92,success
5634,75,success
5638,92,success
5638,89,success
5638,91,success
5638,81,success
5642,80,success
5642,92,success
5648,92,success
5650,80,success
5736,90,success
5740,70,success
5742,84,success
5742,75,success
5750,92,success
5753,90,success
5753,91,success
5753,76,success
5753,92,success
5754,78,success
5835,76,success
5840,91,success
5840,96,success
5844,79,success
5849,95,success
5855,99,success
5855,94,success
5857,95,success
5857,95,success
5857,87,success
5945,69,success
5949,70,success
5958,82,success
5960,83,success
5964,74,success
5964,82,success
5965,75,success
5966,82,success
5966,76,success
5969,65,success
6041,98,success
6046,90,success
6046,98,success
6051,98,success
6052,98,success
6053,102,success
6059,97,success
6059,97,success
6059,97,success
6059,85,success
6153,89,success
6159,92,success
6167,89,success
6167,88,success
6167,93,success
6167,91,success
6167,92,success
6167,92,success
6167,82,success
6171,91,success
6265,89,success
6272,85,success
6272,68,success
6272,87,success
6275,85,success
6275,77,success
6275,80,success
6276,81,success
6276,87,success
6276,79,success
6356,71,success
6365,69,success
6368,83,success
6368,75,success
6370,86,success
6372,82,success
6374,85,success
6374,82,success
6374,82,success
6376,85,success
6453,72,success
6455,61,success
6459,72,success
6467,61,success
6467,70,success
6467,62,success
6467,73,success
6469,71,success
6470,58,success
6470,73,success
6536,83,success
6539,70,success
6539,68,success
6540,80,success
6549,81,success
6550,81,success
6550,80,success
6550,80,success
6551,81,success
6552,65,success
6627,108,success
6630,84,success
6632,83,success
6643,83,success
6643,83,success
6643,83,success
6644,82,success
6644,84,success
6645,83,success
6645,81,success
6738,76,success
6740,83,success
6740,78,success
6740,84,success
6740,69,success
6740,62,success
6741,82,success
6741,82,success
6742,78,success
6765,83,success
6840,82,success
6846,82,success
6853,78,success
6856,70,success
6856,82,success
6860,73,success
6860,91,success
6860,91,success
6862,89,success
6862,89,success
6943,92,success
6946,101,success
6950,92,success
6954,91,success
6954,75,success
6955,84,success
6961,80,success
6962,91,success
6964,92,success
6964,91,success
7054,84,success
7059,79,success
7063,82,success
7070,86,success
7070,75,success
7070,78,success
7070,85,success
7070,87,success
7070,84,success
7079,89,success
7164,85,success
7168,77,success
7168,80,success
7171,84,success
7173,90,success
7173,90,success
7175,84,success
7175,89,success
7177,85,success
7177,84,success
7263,91,success
7266,80,success
7271,93,success
7271,92,success
7271,92,success
7271,98,success
7271,93,success
7276,94,success
7277,94,success
7277,94,success
7371,91,success
7382,90,success
7384,90,success
7384,88,success
7384,79,success
7385,87,success
7385,89,success
7386,93,success
7386,91,success
7391,83,success
7478,76,success
7481,71,success
7486,64,success
7486,102,success
7488,93,success
7489,75,success
7489,99,success
7489,76,success
7491,76,success
7492,91,success
7566,100,success
7573,95,success
7578,95,success
7578,88,success
7578,100,success
7579,101,success
7594,95,success
7595,93,success
7602,100,success
7604,96,success
7703,88,success
7709,90,success
7710,90,success
7710,86,success
7710,90,success
7710,89,success
7715,69,success
7715,89,success
7716,86,success
7716,87,success
7799,82,success
7816,78,success
7816,76,success
7817,76,success
7818,78,success
7818,81,success
7818,75,success
7819,80,success
7819,74,success
7820,79,success
7905,74,success
7907,99,success
7907,87,success
7907,81,success
7909,97,success
7909,100,success
7909,99,success
7912,91,success
7913,100,success
7913,95,success
7998,76,success
8005,68,success
8011,83,success
8016,88,success
8020,94,success
8022,96,success
8024,103,success
8024,96,success
8025,82,success
8025,101,success
8105,74,success
8113,92,success
8121,84,success
8121,92,success
8126,82,success
8132,90,success
8135,85,success
8135,90,success
8140,98,success
8140,93,success
8223,85,success
8232,87,success
8234,75,success
8236,84,success
8242,86,success
8242,82,success
8242,86,success
8242,87,success
8242,94,success
8249,73,success
8330,65,success
8334,63,success
8340,80,success
8342,76,success
8342,74,success
8345,79,success
8345,76,success
8347,75,success
8347,73,success
8354,68,success
8425,93,success
8427,79,success
8430,87,success
8437,92,success
8437,92,success
8439,88,success
8439,87,success
8439,87,success
8442,88,success
8442,75,success
8530,87,success
8534,85,success
8542,79,success
8543,90,success
8543,85,success
8544,82,success
8544,88,success
8547,89,success
8548,89,success
8548,89,success
8637,68,success
8640,79,success
8643,71,success
8643,78,success
8645,78,success
8646,78,success
8646,79,success
8648,72,success
8648,78,success
8648,73,success
8725,66,success
8728,72,success
8730,78,success
8730,80,success
8736,81,success
8736,76,success
8736,79,success
8736,77,success
8737,80,success
8737,74,success
8814,73,success
8820,74,success
8822,73,success
8825,74,success
8826,72,success
8827,77,success
8828,77,success
8829,72,success
8829,72,success
8830,63,success
8904,100,success
8914,75,success
8914,102,success
8914,98,success
8914,98,success
8914,98,success
8915,101,success
8916,99,success
8919,98,success
8919,98,success
9008,97,success
9031,303,success
9031,287,success
9031,281,success
9032,301,success
9032,291,success
9033,300,success
9033,302,success
9035,301,success
9035,300,success
9144,82,success
9328,85,success
9335,66,success
9339,76,success
9348,83,success
9348,83,success
9348,81,success
9348,83,success
9350,82,success
9350,74,success
9425,67,success
9433,79,success
9436,78,success
9441,78,success
9441,82,success
9443,79,success
9443,78,success
9443,79,success
9443,79,success
9444,79,success
9520,72,success
9531,77,success
9531,84,success
9532,86,success
9532,65,success
9532,84,success
9533,84,success
9533,80,success
9533,84,success
9536,85,success
9610,89,success
9617,104,success
9622,104,success
9625,96,success
9630,99,success
9630,103,success
9630,104,success
9630,98,success
9632,89,success
9632,103,success
9736,72,success
9736,88,success
9743,84,success
9746,84,success
9746,81,success
9751,84,success
9751,92,success
9751,83,success
9752,77,success
9752,80,success
9839,71,success
9843,78,success
9847,78,success
9847,81,success
9850,81,success
9850,80,success
9850,90,success
9850,81,success
9854,89,success
9858,78,success
9941,79,success
9948,91,success
9948,90,success
9948,90,success
9951,89,success
9951,110,success
9952,113,success
9952,93,success
9960,90,success
9960,99,success
10048,84,success
10059,76,success
10059,89,success
10059,95,success
10059,94,success
10060,89,success
10063,95,success
10069,80,success
10080,94,success
10083,95,success
10167,101,success
10172,77,success
10175,92,success
10180,98,success
10180,95,success
10186,98,success
10186,72,success
10186,97,success
10186,98,success
10187,81,success
10270,80,success
10275,88,success
10280,86,success
10290,94,success
10294,94,success
10296,94,success
10296,87,success
10297,87,success
10297,94,success
10299,91,success
10391,93,success
10397,93,success
10399,88,success
10399,93,success
10399,83,success
10402,85,success
10405,85,success
10405,86,success
10406,79,success
10406,94,success
10500,82,success
10503,86,success
10506,89,success
10506,86,success
10506,91,success
10509,96,success
10513,88,success
10513,96,success
10513,96,success
10515,91,success
10608,82,success
10612,101,success
10612,88,success
10615,101,success
10615,98,success
10617,83,success
10617,100,success
10623,101,success
10623,99,success
10623,103,success
10718,75,success
10719,98,success
10723,91,success
10734,97,success
10734,98,success
10736,96,success
10736,97,success
10737,88,success
10737,96,success
10739,100,success
10826,81,success
10841,74,success
10842,90,success
10848,76,success
10848,81,success
10848,90,success
10848,77,success
10849,81,success
10849,86,success
10850,93,success
10933,86,success
10936,88,success
10936,66,success
10940,76,success
10940,76,success
10941,85,success
10946,72,success
10949,76,success
10949,87,success
10954,80,success
11026,73,success
11033,73,success
11036,83,success
11037,83,success
11037,75,success
11040,78,success
11046,82,success
11046,83,success
11048,84,success
11048,83,success
11129,81,success
11130,77,success
11132,81,success
11135,79,success
11139,79,success
11139,76,success
11139,80,success
11140,79,success
11140,79,success
11140,65,success
11216,77,success
11227,72,success
11227,60,success
11229,78,success
11229,85,success
11230,85,success
11230,85,success
11231,86,success
11231,71,success
11231,85,success
11300,73,success
11313,78,success
11313,64,success
11317,84,success
11318,84,success
11326,79,success
11326,84,success
11326,77,success
11326,83,success
11326,77,success
11401,73,success
11410,73,success
11415,74,success
11415,65,success
11415,78,success
11416,73,success
11421,80,success
11421,79,success
11421,78,success
11421,78,success
11497,77,success
11505,77,success
11505,75,success
11506,73,success
11506,77,success
11511,84,success
11511,83,success
11511,82,success
11511,83,success
11513,84,success
